
{
  "header": {
    "reportVersion": 2,
    "event": "Allocation failed - JavaScript heap out of memory",
    "trigger": "FatalError",
    "filename": "report.20200928.174234.23812.0.001.json",
    "dumpEventTime": "2020-09-28T17:42:34Z",
    "dumpEventTimeStamp": "1601304154720",
    "processId": 23812,
    "threadId": null,
    "cwd": "C:\\xampp\\htdocs\\cam-medics",
    "commandLine": [
      "node",
      "C:\\xampp\\htdocs\\cam-medics\\node_modules\\webpack\\bin\\webpack.js",
      "--progress",
      "--hide-modules",
      "--config=node_modules/laravel-mix/setup/webpack.config.js"
    ],
    "nodejsVersion": "v12.16.3",
    "wordSize": 64,
    "arch": "x64",
    "platform": "win32",
    "componentVersions": {
      "node": "12.16.3",
      "v8": "7.8.279.23-node.35",
      "uv": "1.34.2",
      "zlib": "1.2.11",
      "brotli": "1.0.7",
      "ares": "1.16.0",
      "modules": "72",
      "nghttp2": "1.40.0",
      "napi": "5",
      "llhttp": "2.0.4",
      "http_parser": "2.9.3",
      "openssl": "1.1.1g",
      "cldr": "36.0",
      "icu": "65.1",
      "tz": "2019c",
      "unicode": "12.1"
    },
    "release": {
      "name": "node",
      "lts": "Erbium",
      "headersUrl": "https://nodejs.org/download/release/v12.16.3/node-v12.16.3-headers.tar.gz",
      "sourceUrl": "https://nodejs.org/download/release/v12.16.3/node-v12.16.3.tar.gz",
      "libUrl": "https://nodejs.org/download/release/v12.16.3/win-x64/node.lib"
    },
    "osName": "Windows_NT",
    "osRelease": "10.0.18362",
    "osVersion": "Windows 10 Pro",
    "osMachine": "x86_64",
    "cpus": [
      {
        "model": "Intel(R) Core(TM) i7-7600U CPU @ 2.80GHz",
        "speed": 2904,
        "user": 31122000,
        "nice": 0,
        "sys": 33811781,
        "idle": 165425640,
        "irq": 1673234
      },
      {
        "model": "Intel(R) Core(TM) i7-7600U CPU @ 2.80GHz",
        "speed": 2904,
        "user": 32859000,
        "nice": 0,
        "sys": 25867281,
        "idle": 171632921,
        "irq": 374265
      },
      {
        "model": "Intel(R) Core(TM) i7-7600U CPU @ 2.80GHz",
        "speed": 2904,
        "user": 32257421,
        "nice": 0,
        "sys": 25159375,
        "idle": 172942406,
        "irq": 307078
      },
      {
        "model": "Intel(R) Core(TM) i7-7600U CPU @ 2.80GHz",
        "speed": 2904,
        "user": 34073562,
        "nice": 0,
        "sys": 21532843,
        "idle": 174752796,
        "irq": 261453
      }
    ],
    "networkInterfaces": [
      {
        "name": "VirtualBox Host-Only Network",
        "internal": false,
        "mac": "0a:00:27:00:00:1f",
        "address": "fe80::645c:33f:4846:7c91",
        "netmask": "ffff:ffff:ffff:ffff::",
        "family": "IPv6",
        "scopeid": 31
      },
      {
        "name": "VirtualBox Host-Only Network",
        "internal": false,
        "mac": "0a:00:27:00:00:1f",
        "address": "192.168.56.1",
        "netmask": "255.255.255.0",
        "family": "IPv4"
      },
      {
        "name": "VirtualBox Host-Only Network #2",
        "internal": false,
        "mac": "0a:00:27:00:00:17",
        "address": "fe80::38dc:8a68:97e9:cb15",
        "netmask": "ffff:ffff:ffff:ffff::",
        "family": "IPv6",
        "scopeid": 23
      },
      {
        "name": "VirtualBox Host-Only Network #2",
        "internal": false,
        "mac": "0a:00:27:00:00:17",
        "address": "192.168.193.2",
        "netmask": "255.255.255.0",
        "family": "IPv4"
      },
      {
        "name": "Local Area Connection* 2",
        "internal": false,
        "mac": "3a:de:ad:e2:b9:72",
        "address": "fe80::79ff:58cd:f29d:1a5c",
        "netmask": "ffff:ffff:ffff:ffff::",
        "family": "IPv6",
        "scopeid": 3
      },
      {
        "name": "Local Area Connection* 2",
        "internal": false,
        "mac": "3a:de:ad:e2:b9:72",
        "address": "192.168.137.1",
        "netmask": "255.255.255.0",
        "family": "IPv4"
      },
      {
        "name": "Cellular",
        "internal": false,
        "mac": "84:91:90:54:4b:57",
        "address": "fe80::74e9:5dc7:77f5:9315",
        "netmask": "ffff:ffff:ffff:ffff::",
        "family": "IPv6",
        "scopeid": 5
      },
      {
        "name": "Cellular",
        "internal": false,
        "mac": "84:91:90:54:4b:57",
        "address": "10.127.39.13",
        "netmask": "255.255.255.252",
        "family": "IPv4"
      },
      {
        "name": "Loopback Pseudo-Interface 1",
        "internal": true,
        "mac": "00:00:00:00:00:00",
        "address": "::1",
        "netmask": "ffff:ffff:ffff:ffff:ffff:ffff:ffff:ffff",
        "family": "IPv6",
        "scopeid": 0
      },
      {
        "name": "Loopback Pseudo-Interface 1",
        "internal": true,
        "mac": "00:00:00:00:00:00",
        "address": "127.0.0.1",
        "netmask": "255.0.0.0",
        "family": "IPv4"
      }
    ],
    "host": "Mr-Mendes"
  },
  "javascriptStack": {
    "message": "No stack.",
    "stack": [
      "Unavailable."
    ]
  },
  "nativeStack": [
    {
      "pc": "0x00007ff728222449",
      "symbol": ""
    },
    {
      "pc": "0x00007ff7282269a9",
      "symbol": ""
    },
    {
      "pc": "0x00007ff728225828",
      "symbol": ""
    },
    {
      "pc": "0x00007ff72835d8c2",
      "symbol": ""
    },
    {
      "pc": "0x00007ff728b79bbe",
      "symbol": ""
    },
    {
      "pc": "0x00007ff728b61c91",
      "symbol": ""
    },
    {
      "pc": "0x00007ff728a2e1ec",
      "symbol": ""
    },
    {
      "pc": "0x00007ff728a36171",
      "symbol": ""
    },
    {
      "pc": "0x00007ff728a2b743",
      "symbol": ""
    },
    {
      "pc": "0x00007ff728a29db4",
      "symbol": ""
    },
    {
      "pc": "0x00007ff728a4afbd",
      "symbol": ""
    },
    {
      "pc": "0x00007ff7287b1871",
      "symbol": ""
    },
    {
      "pc": "0x00007ff728fc6c4d",
      "symbol": ""
    },
    {
      "pc": "0x00007ff728f70c6e",
      "symbol": ""
    },
    {
      "pc": "0x00007ff728f4bbfc",
      "symbol": ""
    },
    {
      "pc": "0x00007ff728f4bbfc",
      "symbol": ""
    },
    {
      "pc": "0x00007ff728f4bbfc",
      "symbol": ""
    },
    {
      "pc": "0x00007ff728f4bbfc",
      "symbol": ""
    },
    {
      "pc": "0x00007ff728f4bbfc",
      "symbol": ""
    },
    {
      "pc": "0x00007ff728f4bbfc",
      "symbol": ""
    },
    {
      "pc": "0x00007ff728f4bbfc",
      "symbol": ""
    },
    {
      "pc": "0x00007ff728f4bbfc",
      "symbol": ""
    },
    {
      "pc": "0x00007ff728f4bbfc",
      "symbol": ""
    },
    {
      "pc": "0x00007ff728f4bbfc",
      "symbol": ""
    },
    {
      "pc": "0x00007ff728f4bbfc",
      "symbol": ""
    },
    {
      "pc": "0x00007ff728f4bbfc",
      "symbol": ""
    },
    {
      "pc": "0x00007ff728f4bbfc",
      "symbol": ""
    },
    {
      "pc": "0x00007ff728f4bbfc",
      "symbol": ""
    },
    {
      "pc": "0x00007ff728f4bbfc",
      "symbol": ""
    },
    {
      "pc": "0x00007ff728f4bbfc",
      "symbol": ""
    },
    {
      "pc": "0x00007ff728f4bbfc",
      "symbol": ""
    },
    {
      "pc": "0x00007ff728f4bbfc",
      "symbol": ""
    },
    {
      "pc": "0x00007ff728f4bbfc",
      "symbol": ""
    },
    {
      "pc": "0x00007ff728f44f2c",
      "symbol": ""
    },
    {
      "pc": "0x00007ff728f4bbfc",
      "symbol": ""
    },
    {
      "pc": "0x00007ff728f4bbfc",
      "symbol": ""
    },
    {
      "pc": "0x00007ff728f4bbfc",
      "symbol": ""
    },
    {
      "pc": "0x00007ff728f4bbfc",
      "symbol": ""
    },
    {
      "pc": "0x00007ff728f4bbfc",
      "symbol": ""
    },
    {
      "pc": "0x00007ff728f4bbfc",
      "symbol": ""
    },
    {
      "pc": "0x00007ff728f4bbfc",
      "symbol": ""
    },
    {
      "pc": "0x00007ff728f4bbfc",
      "symbol": ""
    },
    {
      "pc": "0x00007ff728f4bbfc",
      "symbol": ""
    },
    {
      "pc": "0x00007ff728f4bbfc",
      "symbol": ""
    },
    {
      "pc": "0x00007ff728f4bbfc",
      "symbol": ""
    },
    {
      "pc": "0x00007ff728f4bbfc",
      "symbol": ""
    },
    {
      "pc": "0x00007ff728f4bbfc",
      "symbol": ""
    },
    {
      "pc": "0x00007ff728f4bbfc",
      "symbol": ""
    },
    {
      "pc": "0x00007ff728f4bbfc",
      "symbol": ""
    },
    {
      "pc": "0x00007ff728f4bbfc",
      "symbol": ""
    },
    {
      "pc": "0x00007ff728f4bbfc",
      "symbol": ""
    },
    {
      "pc": "0x00007ff728f4bbfc",
      "symbol": ""
    },
    {
      "pc": "0x00007ff728f4bbfc",
      "symbol": ""
    },
    {
      "pc": "0x00007ff728f4bbfc",
      "symbol": ""
    },
    {
      "pc": "0x00007ff728f4bbfc",
      "symbol": ""
    },
    {
      "pc": "0x00007ff728f44f2c",
      "symbol": ""
    },
    {
      "pc": "0x00007ff728f4bbfc",
      "symbol": ""
    },
    {
      "pc": "0x00007ff728f4bbfc",
      "symbol": ""
    },
    {
      "pc": "0x00007ff728f4bbfc",
      "symbol": ""
    },
    {
      "pc": "0x00007ff728f4bbfc",
      "symbol": ""
    },
    {
      "pc": "0x00007ff728f4bbfc",
      "symbol": ""
    },
    {
      "pc": "0x00007ff728f4bbfc",
      "symbol": ""
    },
    {
      "pc": "0x00007ff728f4bbfc",
      "symbol": ""
    },
    {
      "pc": "0x00007ff728f44f2c",
      "symbol": ""
    },
    {
      "pc": "0x00007ff728f4bbfc",
      "symbol": ""
    },
    {
      "pc": "0x00007ff728f4bbfc",
      "symbol": ""
    },
    {
      "pc": "0x00007ff728f4bbfc",
      "symbol": ""
    },
    {
      "pc": "0x00007ff728f4bbfc",
      "symbol": ""
    },
    {
      "pc": "0x00007ff728f4bbfc",
      "symbol": ""
    },
    {
      "pc": "0x00007ff728f4bbfc",
      "symbol": ""
    },
    {
      "pc": "0x00007ff728f4bbfc",
      "symbol": ""
    },
    {
      "pc": "0x00007ff728f4bbfc",
      "symbol": ""
    },
    {
      "pc": "0x00007ff728f44f2c",
      "symbol": ""
    },
    {
      "pc": "0x00007ff728f4bbfc",
      "symbol": ""
    },
    {
      "pc": "0x00007ff728f4bbfc",
      "symbol": ""
    },
    {
      "pc": "0x00007ff728f4bbfc",
      "symbol": ""
    },
    {
      "pc": "0x00007ff728f4bbfc",
      "symbol": ""
    },
    {
      "pc": "0x00007ff728f4bbfc",
      "symbol": ""
    },
    {
      "pc": "0x00007ff728f4bbfc",
      "symbol": ""
    },
    {
      "pc": "0x00007ff728f4bbfc",
      "symbol": ""
    },
    {
      "pc": "0x00007ff728f4bbfc",
      "symbol": ""
    },
    {
      "pc": "0x00007ff728f4bbfc",
      "symbol": ""
    },
    {
      "pc": "0x00007ff728f4bbfc",
      "symbol": ""
    },
    {
      "pc": "0x00007ff728f4bbfc",
      "symbol": ""
    },
    {
      "pc": "0x00007ff728f4bbfc",
      "symbol": ""
    },
    {
      "pc": "0x00007ff728f4bbfc",
      "symbol": ""
    },
    {
      "pc": "0x00007ff728f4bbfc",
      "symbol": ""
    },
    {
      "pc": "0x00007ff728f4bbfc",
      "symbol": ""
    },
    {
      "pc": "0x00007ff728f49131",
      "symbol": ""
    },
    {
      "pc": "0x00007ff728f48d1c",
      "symbol": ""
    },
    {
      "pc": "0x00007ff728a878a3",
      "symbol": ""
    },
    {
      "pc": "0x00007ff728a87226",
      "symbol": ""
    },
    {
      "pc": "0x00007ff728b5829d",
      "symbol": ""
    },
    {
      "pc": "0x00007ff72838679e",
      "symbol": ""
    },
    {
      "pc": "0x00007ff7283869d7",
      "symbol": ""
    },
    {
      "pc": "0x00007ff7283850ba",
      "symbol": ""
    },
    {
      "pc": "0x00007ff72831479c",
      "symbol": ""
    },
    {
      "pc": "0x00007ff728386433",
      "symbol": ""
    },
    {
      "pc": "0x00007ff7281f6a9c",
      "symbol": ""
    },
    {
      "pc": "0x00007ff72907ed38",
      "symbol": ""
    },
    {
      "pc": "0x00007ff8de567bd4",
      "symbol": ""
    },
    {
      "pc": "0x00007ff8df08ce51",
      "symbol": "RtlUserThreadStart+33"
    }
  ],
  "javascriptHeap": {
    "totalMemory": 8445952,
    "totalCommittedMemory": 8445952,
    "usedMemory": 7032760,
    "availableMemory": 2191411560,
    "memoryLimit": 2197815296,
    "heapSpaces": {
      "read_only_space": {
        "memorySize": 262144,
        "committedMemory": 262144,
        "capacity": 32808,
        "used": 32808,
        "available": 0
      },
      "new_space": {
        "memorySize": 1048576,
        "committedMemory": 1048576,
        "capacity": 1047456,
        "used": 1047320,
        "available": 136
      },
      "old_space": {
        "memorySize": 5124096,
        "committedMemory": 5124096,
        "capacity": 5031328,
        "used": 4580864,
        "available": 450464
      },
      "code_space": {
        "memorySize": 430080,
        "committedMemory": 430080,
        "capacity": 392320,
        "used": 254400,
        "available": 137920
      },
      "map_space": {
        "memorySize": 790528,
        "committedMemory": 790528,
        "capacity": 788480,
        "used": 382240,
        "available": 406240
      },
      "large_object_space": {
        "memorySize": 741376,
        "committedMemory": 741376,
        "capacity": 732344,
        "used": 732344,
        "available": 0
      },
      "code_large_object_space": {
        "memorySize": 49152,
        "committedMemory": 49152,
        "capacity": 2784,
        "used": 2784,
        "available": 0
      },
      "new_large_object_space": {
        "memorySize": 0,
        "committedMemory": 0,
        "capacity": 1047456,
        "used": 0,
        "available": 1047456
      }
    }
  },
  "resourceUsage": {
    "userCpuSeconds": 0.562,
    "kernelCpuSeconds": 0.328,
    "cpuConsumptionPercent": 89,
    "maxRss": 33939456,
    "pageFaults": {
      "IORequired": 12730,
      "IONotRequired": 0
    },
    "fsActivity": {
      "reads": 477,
      "writes": 7
    }
  },
  "libuv": [
  ],
  "workers": [
  ],
  "environmentVariables": {
    "ALLUSERSPROFILE": "C:\\ProgramData",
    "APPDATA": "C:\\Users\\mendes\\AppData\\Roaming",
    "CommonProgramFiles": "C:\\Program Files\\Common Files",
    "CommonProgramFiles(x86)": "C:\\Program Files (x86)\\Common Files",
    "CommonProgramW6432": "C:\\Program Files\\Common Files",
    "COMPUTERNAME": "MR-MENDES",
    "ComSpec": "C:\\Windows\\system32\\cmd.exe",
    "dp0": "C:\\xampp\\htdocs\\cam-medics\\node_modules\\.bin\\",
    "DriverData": "C:\\Windows\\System32\\Drivers\\DriverData",
    "HOME": "C:\\Users\\mendes",
    "HOMEDRIVE": "C:",
    "HOMEPATH": "\\Users\\mendes",
    "INIT_CWD": "C:\\xampp\\htdocs\\cam-medics",
    "IntelliJ IDEA Community Edition": "C:\\Program Files\\JetBrains\\IntelliJ IDEA Community Edition 2019.3.4\\bin;",
    "LOCALAPPDATA": "C:\\Users\\mendes\\AppData\\Local",
    "LOGONSERVER": "\\\\MR-MENDES",
    "NODE": "C:\\Program Files\\nodejs\\node.exe",
    "NODE_ENV": "development",
    "NODE_EXE": "C:\\Program Files\\nodejs\\\\node.exe",
    "NPM_CLI_JS": "C:\\Users\\mendes\\AppData\\Roaming\\npm\\node_modules\\npm\\bin\\npm-cli.js",
    "npm_config_access": "",
    "npm_config_allow_same_version": "",
    "npm_config_also": "",
    "npm_config_always_auth": "",
    "npm_config_argv": "{\"remain\":[],\"cooked\":[\"run\",\"development\"],\"original\":[\"run\",\"development\"]}",
    "npm_config_audit": "true",
    "npm_config_audit_level": "low",
    "npm_config_auth_type": "legacy",
    "npm_config_before": "",
    "npm_config_bin_links": "true",
    "npm_config_browser": "",
    "npm_config_ca": "",
    "npm_config_cache": "C:\\Users\\mendes\\AppData\\Roaming\\npm-cache",
    "npm_config_cache_lock_retries": "10",
    "npm_config_cache_lock_stale": "60000",
    "npm_config_cache_lock_wait": "10000",
    "npm_config_cache_max": "Infinity",
    "npm_config_cache_min": "10",
    "npm_config_cafile": "",
    "npm_config_cert": "",
    "npm_config_cidr": "",
    "npm_config_color": "true",
    "npm_config_commit_hooks": "true",
    "npm_config_depth": "Infinity",
    "npm_config_description": "true",
    "npm_config_dev": "",
    "npm_config_dry_run": "",
    "npm_config_editor": "notepad.exe",
    "npm_config_engine_strict": "",
    "npm_config_fetch_retries": "2",
    "npm_config_fetch_retry_factor": "10",
    "npm_config_fetch_retry_maxtimeout": "60000",
    "npm_config_fetch_retry_mintimeout": "10000",
    "npm_config_force": "",
    "npm_config_format_package_lock": "true",
    "npm_config_fund": "true",
    "npm_config_git": "git",
    "npm_config_git_tag_version": "true",
    "npm_config_global": "",
    "npm_config_globalconfig": "C:\\Users\\mendes\\AppData\\Roaming\\npm\\etc\\npmrc",
    "npm_config_globalignorefile": "C:\\Users\\mendes\\AppData\\Roaming\\npm\\etc\\npmignore",
    "npm_config_global_style": "",
    "npm_config_group": "",
    "npm_config_ham_it_up": "",
    "npm_config_heading": "npm",
    "npm_config_https_proxy": "",
    "npm_config_if_present": "",
    "npm_config_ignore_prepublish": "",
    "npm_config_ignore_scripts": "",
    "npm_config_init_author_email": "",
    "npm_config_init_author_name": "",
    "npm_config_init_author_url": "",
    "npm_config_init_license": "ISC",
    "npm_config_init_module": "C:\\Users\\mendes\\.npm-init.js",
    "npm_config_init_version": "1.0.0",
    "npm_config_json": "",
    "npm_config_key": "",
    "npm_config_legacy_bundling": "",
    "npm_config_link": "",
    "npm_config_local_address": "",
    "npm_config_loglevel": "notice",
    "npm_config_logs_max": "10",
    "npm_config_long": "",
    "npm_config_maxsockets": "50",
    "npm_config_message": "%s",
    "npm_config_metrics_registry": "https://registry.npmjs.org/",
    "npm_config_node_gyp": "C:\\Users\\mendes\\AppData\\Roaming\\npm\\node_modules\\npm\\node_modules\\node-gyp\\bin\\node-gyp.js",
    "npm_config_node_options": "",
    "npm_config_node_version": "12.16.3",
    "npm_config_noproxy": "",
    "npm_config_offline": "",
    "npm_config_onload_script": "",
    "npm_config_only": "",
    "npm_config_optional": "true",
    "npm_config_otp": "",
    "npm_config_package_lock": "true",
    "npm_config_package_lock_only": "",
    "npm_config_parseable": "",
    "npm_config_prefer_offline": "",
    "npm_config_prefer_online": "",
    "npm_config_prefix": "C:\\Users\\mendes\\AppData\\Roaming\\npm",
    "npm_config_preid": "",
    "npm_config_production": "",
    "npm_config_progress": "true",
    "npm_config_proxy": "",
    "npm_config_read_only": "",
    "npm_config_rebuild_bundle": "true",
    "npm_config_registry": "https://registry.npmjs.org/",
    "npm_config_rollback": "true",
    "npm_config_save": "true",
    "npm_config_save_bundle": "",
    "npm_config_save_dev": "",
    "npm_config_save_exact": "",
    "npm_config_save_optional": "",
    "npm_config_save_prefix": "^",
    "npm_config_save_prod": "",
    "npm_config_scope": "",
    "npm_config_scripts_prepend_node_path": "warn-only",
    "npm_config_script_shell": "",
    "npm_config_searchexclude": "",
    "npm_config_searchlimit": "20",
    "npm_config_searchopts": "",
    "npm_config_searchstaleness": "900",
    "npm_config_send_metrics": "",
    "npm_config_shell": "C:\\Windows\\system32\\cmd.exe",
    "npm_config_shrinkwrap": "true",
    "npm_config_sign_git_commit": "",
    "npm_config_sign_git_tag": "",
    "npm_config_sso_poll_frequency": "500",
    "npm_config_sso_type": "oauth",
    "npm_config_strict_ssl": "true",
    "npm_config_tag": "latest",
    "npm_config_tag_version_prefix": "v",
    "npm_config_timing": "",
    "npm_config_tmp": "C:\\Users\\mendes\\AppData\\Local\\Temp",
    "npm_config_umask": "0000",
    "npm_config_unicode": "",
    "npm_config_unsafe_perm": "true",
    "npm_config_update_notifier": "true",
    "npm_config_usage": "",
    "npm_config_user": "",
    "npm_config_userconfig": "C:\\Users\\mendes\\.npmrc",
    "npm_config_user_agent": "npm/6.14.5 node/v12.16.3 win32 x64",
    "npm_config_version": "",
    "npm_config_versions": "",
    "npm_config_viewer": "browser",
    "npm_execpath": "C:\\Users\\mendes\\AppData\\Roaming\\npm\\node_modules\\npm\\bin\\npm-cli.js",
    "npm_lifecycle_event": "development",
    "npm_lifecycle_script": "cross-env NODE_ENV=development node_modules/webpack/bin/webpack.js --progress --hide-modules --config=node_modules/laravel-mix/setup/webpack.config.js",
    "npm_node_execpath": "C:\\Program Files\\nodejs\\node.exe",
    "npm_package_dependencies_bootstrap": "^4.5.0",
    "npm_package_dependencies_chart_js": "^2.9.3",
    "npm_package_dependencies_chokidar": "^3.4.0",
    "npm_package_dependencies_classnames": "^2.2.6",
    "npm_package_dependencies_core_js": "^3.6.5",
    "npm_package_dependencies_enzyme": "^3.11.0",
    "npm_package_dependencies_enzyme_adapter_react_16": "^1.15.2",
    "npm_package_dependencies_flag_icon_css": "^3.4.6",
    "npm_package_dependencies_font_awesome": "^4.7.0",
    "npm_package_dependencies_jquery": "^3.5.1",
    "npm_package_dependencies_mutationobserver_shim": "^0.3.7",
    "npm_package_dependencies_node_sass": "^4.14.1",
    "npm_package_dependencies_prop_types": "^15.7.2",
    "npm_package_dependencies_react": "^16.13.1",
    "npm_package_dependencies_reactstrap": "^8.4.1",
    "npm_package_dependencies_react_app_polyfill": "^1.0.6",
    "npm_package_dependencies_react_chartjs_2": "^2.9.0",
    "npm_package_dependencies_react_datepicker": "^3.0.0",
    "npm_package_dependencies_react_dom": "^16.13.1",
    "npm_package_dependencies_react_js_pagination": "^3.0.3",
    "npm_package_dependencies_react_router_config": "^5.1.1",
    "npm_package_dependencies_react_router_dom": "^5.2.0",
    "npm_package_dependencies_react_test_renderer": "^16.13.1",
    "npm_package_dependencies_react_timeout": "^1.2.0",
    "npm_package_dependencies_simple_line_icons": "^2.4.1",
    "npm_package_dependencies_typescript": "^3.9.5",
    "npm_package_dependencies__coreui_coreui": "^2.1.16",
    "npm_package_dependencies__coreui_coreui_plugin_chartjs_custom_tooltips": "^1.3.1",
    "npm_package_dependencies__coreui_icons": "0.3.0",
    "npm_package_dependencies__coreui_react": "^2.5.8",
    "npm_package_description": "<p align=\"center\"><img src=\"https://res.cloudinary.com/dtfbvvkyp/image/upload/v1566331377/laravel-logolockup-cmyk-red.svg\" width=\"400\"></p>",
    "npm_package_devDependencies_axios": "^0.19.2",
    "npm_package_devDependencies_cross_env": "^7.0",
    "npm_package_devDependencies_laravel_mix": "^5.0.1",
    "npm_package_devDependencies_lodash": "^4.17.13",
    "npm_package_devDependencies_react_scripts": "^3.4.1",
    "npm_package_devDependencies_resolve_url_loader": "^3.1.0",
    "npm_package_devDependencies_sass": "^1.15.2",
    "npm_package_devDependencies_sass_loader": "^8.0.0",
    "npm_package_devDependencies_vue_template_compiler": "^2.6.11",
    "npm_package_gitHead": "fee6ee3d86099d7a05818faaa9423de30704ffaa",
    "npm_package_name": "",
    "npm_package_private": "true",
    "npm_package_readmeFilename": "README.md",
    "npm_package_scripts_dev": "npm run development",
    "npm_package_scripts_development": "cross-env NODE_ENV=development node_modules/webpack/bin/webpack.js --progress --hide-modules --config=node_modules/laravel-mix/setup/webpack.config.js",
    "npm_package_scripts_hot": "cross-env NODE_ENV=development node_modules/webpack-dev-server/bin/webpack-dev-server.js --inline --hot --disable-host-check --config=node_modules/laravel-mix/setup/webpack.config.js",
    "npm_package_scripts_prod": "npm run production",
    "npm_package_scripts_production": "cross-env NODE_ENV=production node_modules/webpack/bin/webpack.js --no-progress --hide-modules --config=node_modules/laravel-mix/setup/webpack.config.js",
    "npm_package_scripts_watch": "npm run development -- --watch",
    "npm_package_scripts_watch_poll": "npm run watch -- --watch-poll",
    "npm_package_version": "",
    "NPM_PREFIX_NPM_CLI_JS": "C:\\Users\\mendes\\AppData\\Roaming\\npm\\node_modules\\npm\\bin\\npm-cli.js",
    "NUMBER_OF_PROCESSORS": "4",
    "OneDrive": "C:\\Users\\mendes\\OneDrive",
    "OS": "Windows_NT",
    "Path": "C:\\Users\\mendes\\AppData\\Roaming\\npm\\node_modules\\npm\\node_modules\\npm-lifecycle\\node-gyp-bin;C:\\xampp\\htdocs\\cam-medics\\node_modules\\.bin;C:\\Users\\mendes\\AppData\\Roaming\\npm\\node_modules\\npm\\node_modules\\npm-lifecycle\\node-gyp-bin;C:\\xampp\\htdocs\\cam-medics\\node_modules\\.bin;C:\\Windows\\system32;C:\\Windows;C:\\Windows\\System32\\Wbem;C:\\Windows\\System32\\WindowsPowerShell\\v1.0\\;C:\\Windows\\System32\\OpenSSH\\;C:\\Program Files\\nodejs\\;C:\\xampp\\php;C:\\ProgramData\\ComposerSetup\\bin;C:\\Users\\mendes\\AppData\\Roaming\\npm;C:\\Users\\mendes\\AppData\\Local\\Programs\\Python\\Python36\\Scripts;C:\\Program Files\\PuTTY\\;C:\\Program Files\\Git\\cmd;C:\\Users\\mendes\\AppData\\Local\\Programs\\Python\\Python36\\Scripts\\;C:\\Users\\mendes\\AppData\\Local\\Programs\\Python\\Python36\\;C:\\Users\\mendes\\AppData\\Local\\Microsoft\\WindowsApps;;C:\\Users\\mendes\\AppData\\Local\\Programs\\Microsoft VS Code\\bin;C:\\Users\\mendes\\AppData\\Roaming\\npm;C:\\Program Files\\JetBrains\\IntelliJ IDEA Community Edition 2019.3.4\\bin;;C:\\Users\\mendes\\AppData\\Roaming\\Composer\\vendor\\bin",
    "PATHEXT": ".COM;.EXE;.BAT;.CMD;.VBS;.VBE;.JSE;.WSF;.WSH;.MSC",
    "PROCESSOR_ARCHITECTURE": "AMD64",
    "PROCESSOR_IDENTIFIER": "Intel64 Family 6 Model 142 Stepping 9, GenuineIntel",
    "PROCESSOR_LEVEL": "6",
    "PROCESSOR_REVISION": "8e09",
    "ProgramData": "C:\\ProgramData",
    "ProgramFiles": "C:\\Program Files",
    "ProgramFiles(x86)": "C:\\Program Files (x86)",
    "ProgramW6432": "C:\\Program Files",
    "PROMPT": "$P$G",
    "PSModulePath": "C:\\Program Files\\WindowsPowerShell\\Modules;C:\\Windows\\system32\\WindowsPowerShell\\v1.0\\Modules",
    "PUBLIC": "C:\\Users\\Public",
    "SESSIONNAME": "Console",
    "SystemDrive": "C:",
    "SystemRoot": "C:\\Windows",
    "TEMP": "C:\\Users\\mendes\\AppData\\Local\\Temp",
    "TMP": "C:\\Users\\mendes\\AppData\\Local\\Temp",
    "USERDOMAIN": "MR-MENDES",
    "USERDOMAIN_ROAMINGPROFILE": "MR-MENDES",
    "USERNAME": "mendes",
    "USERPROFILE": "C:\\Users\\mendes",
    "VBOX_MSI_INSTALL_PATH": "C:\\Program Files\\Oracle\\VirtualBox\\",
    "windir": "C:\\Windows",
    "_prog": "node"
  },
  "sharedObjects": [
    "C:\\Program Files\\nodejs\\node.exe",
    "C:\\Windows\\SYSTEM32\\ntdll.dll",
    "C:\\Windows\\System32\\KERNEL32.DLL",
    "C:\\Windows\\System32\\KERNELBASE.dll",
    "C:\\Windows\\System32\\WS2_32.dll",
    "C:\\Windows\\System32\\RPCRT4.dll",
    "C:\\Windows\\SYSTEM32\\dbghelp.dll",
    "C:\\Windows\\System32\\PSAPI.DLL",
    "C:\\Windows\\System32\\ucrtbase.dll",
    "C:\\Windows\\System32\\ADVAPI32.dll",
    "C:\\Windows\\System32\\msvcrt.dll",
    "C:\\Windows\\System32\\sechost.dll",
    "C:\\Windows\\System32\\USER32.dll",
    "C:\\Windows\\System32\\win32u.dll",
    "C:\\Windows\\SYSTEM32\\IPHLPAPI.DLL",
    "C:\\Windows\\System32\\GDI32.dll",
    "C:\\Windows\\System32\\gdi32full.dll",
    "C:\\Windows\\System32\\msvcp_win.dll",
    "C:\\Windows\\SYSTEM32\\USERENV.dll",
    "C:\\Windows\\System32\\profapi.dll",
    "C:\\Windows\\System32\\CRYPT32.dll",
    "C:\\Windows\\System32\\MSASN1.dll",
    "C:\\Windows\\System32\\bcrypt.dll",
    "C:\\Windows\\SYSTEM32\\WINMM.dll",
    "C:\\Windows\\SYSTEM32\\WINMMBASE.dll",
    "C:\\Windows\\System32\\cfgmgr32.dll",
    "C:\\Windows\\System32\\bcryptPrimitives.dll",
    "C:\\Windows\\System32\\IMM32.DLL",
    "C:\\Windows\\System32\\powrprof.dll",
    "C:\\Windows\\System32\\UMPDC.dll",
    "C:\\Windows\\SYSTEM32\\CRYPTBASE.DLL",
    "C:\\Windows\\system32\\uxtheme.dll",
    "C:\\Windows\\System32\\combase.dll",
    "C:\\Windows\\system32\\mswsock.dll",
    "C:\\Windows\\System32\\kernel.appcore.dll",
    "C:\\Windows\\System32\\NSI.dll",
    "C:\\Windows\\SYSTEM32\\dhcpcsvc6.DLL",
    "C:\\Windows\\SYSTEM32\\dhcpcsvc.DLL",
    "C:\\Windows\\SYSTEM32\\DNSAPI.dll",
    "C:\\Windows\\system32\\pnrpnsp.dll",
    "C:\\Windows\\System32\\winrnr.dll",
    "C:\\Windows\\system32\\NLAapi.dll",
    "C:\\Windows\\system32\\wshbth.dll"
  ]
}